{
    "Bear": {
        "pos": [ 1982.47998046875, 200.1707763671875, -250.12193298339844 ],
        "quaRot": [ -0.7250962853431702, 0.0, 0.6886475086212158, 0.0 ],
        "quaRotLocal": [ 1.0, 0.0, 0.0, 0.0 ],
        "rot": [ -0.0, -1.5192443132400513, 0.0 ],
        "scl": [ 5.752159118652344, 5.752159118652344, 5.752159118652344 ]
    },
    "Hero": {
        "pos": [ -1016.6324462890625, 366.50927734375, -107.79293823242188 ],
        "quaRot": [ 0.6915026307106018, 0.0010527173290029168, 0.7223718762397766, -0.0013681869022548199 ],
        "quaRotLocal": [ 1.0, 0.0, 0.0, 0.0 ],
        "rot": [ 0.003432599827647209, 1.614454984664917, -0.00037130509736016393 ],
        "scl": [ 0.19000016152858734, 0.19000016152858734, 0.19000016152858734 ]
    },
    "SunSky": {
        "pos": [ 2212.677001953125, 3525.8173828125, -451.82354736328125 ],
        "quaRot": [ 1.0, 0.0, 0.0, 0.0 ],
        "quaRotLocal": [ 1.0, 0.0, 0.0, 0.0 ],
        "rot": [ -0.0, 0.0, 0.0 ],
        "scl": [ 103.482177734375, 103.482177734375, 103.482177734375 ]
    },
    "TutorialGround": {
        "pos": [ -11.354707717895508, -352.646240234375, -92.35667419433594 ],
        "quaRot": [ 1.0, 0.0, 0.0, 0.0 ],
        "quaRotLocal": [ 1.0, 0.0, 0.0, 0.0 ],
        "rot": [ -0.0, 0.0, 0.0 ],
        "scl": [ 15.773492813110352, 15.773492813110352, 15.773492813110352 ]
    }
}