{
    "PauseBack": {
        "angle": [ 0.0 ],
        "center": [ 509, 310 ],
        "exRate": [ 1.6800000000000006 ],
        "posLeftUp": [ -16, -40 ],
        "posRightDown": [ 1034, 660 ]
    },
    "Damage": {
        "angle": [ 0.0 ],
        "center": [ 160, 173 ],
        "exRate": [ 0.43999999999999956 ],
        "posLeftUp": [ 29, 116 ],
        "posRightDown": [ 291, 230 ]
    },
    "Numbers": {
        "angle": [ 0.0 ],
        "center": [ 720, 50 ],
        "exRate": [ 1.03 ],
        "posLeftUp": [ 668, -15 ],
        "posRightDown": [ 772, 115 ]
    },
    "DamageNumbers": {
        "angle": [ 0.0 ],
        "center": [ 723, 152 ],
        "exRate": [ 1.03 ],
        "posLeftUp": [ 671, 87 ],
        "posRightDown": [ 775, 217 ]
    },
    "ReturnGame": {
        "angle": [ 0.0 ],
        "center": [ 523, 432 ],
        "exRate": [ 0.8699999999999999 ],
        "posLeftUp": [ 301, 405 ],
        "posRightDown": [ 745, 459 ]
    },
    "ReturnTitle": {
        "angle": [ 0.0 ],
        "center": [ 507, 329 ],
        "exRate": [ 0.9099999999999999 ],
        "posLeftUp": [ 275, 300 ],
        "posRightDown": [ 739, 358 ]
    },
    "Symbols": {
        "angle": [ 0.0 ],
        "center": [ 554, 52 ],
        "exRate": [ 1.0 ],
        "posLeftUp": [ 503, -12 ],
        "posRightDown": [ 605, 116 ]
    },
    "Time": {
        "angle": [ 0.0 ],
        "center": [ 144, 55 ],
        "exRate": [ 0.40999999999999953 ],
        "posLeftUp": [ 22, 2 ],
        "posRightDown": [ 266, 108 ]
    },
    "SelectCircle": {
        "angle": [ 0.0 ],
        "center": [ 508, 328 ],
        "exRate": [ 0.19000000000000014 ],
        "posLeftUp": [ 417, 237 ],
        "posRightDown": [ 599, 419 ]
    },
    "GameOverBack": {
        "angle": [ 0.0 ],
        "center": [ 518, 227 ],
        "exRate": [ 0.5799999999999996 ],
        "posLeftUp": [ 224, 175 ],
        "posRightDown": [ 812, 279 ]
    },
    "LoadBack": {
        "posLeftUp": [ -90, -20 ],
        "posRightDown": [ 1197, 673 ],
        "center": [ 508, 316 ],
        "exRate": [ 0.6234658608579715 ],
        "angle": [ 0.0 ]
    },
    "LoadGage": {
        "angle": [ 0.0 ],
        "center": [ 503, 308 ],
        "exRate": [ 0.35999999999999943 ],
        "posLeftUp": [ 262, 298 ],
        "posRightDown": [ 744, 318 ]
    },
    "LoadNumbers": {
        "posLeftUp": [ 66, 83 ],
        "posRightDown": [ 123, 252 ],
        "center": [ 90, 293 ],
        "exRate": [ 0.6497202377636033 ],
        "angle": [ 0.0 ]
    },
    "LoadSymbols": {
        "posLeftUp": [ 123, 252 ],
        "posRightDown": [ 66, 83 ],
        "center": [ 222, 293 ],
        "exRate": [ 0.6497202377636033 ],
        "angle": [ 0.0 ]
    }
}