{
  "NightSky": {
    "pos": [ 0.0, 0.0, 0.0 ],
    "quaRot": [ 1.0, 0.0, 0.0, 0.0 ],
    "quaRotLocal": [ 1.0, 0.0, 0.0, 0.0 ],
    "rot": [ -0.0, 0.0, 0.0 ],
    "scl": [ 50.460018157958984, 50.460018157958984, 50.460018157958984 ]
  },
  "SunSky": {
        "pos": [ 2212.677001953125, 3525.8173828125, -451.82354736328125 ],
        "quaRot": [ 1.0, 0.0, 0.0, 0.0 ],
        "quaRotLocal": [ 1.0, 0.0, 0.0, 0.0 ],
        "rot": [ -0.0, 0.0, 0.0 ],
        "scl": [ 103.482177734375, 103.482177734375, 103.482177734375 ]
    }
}