{
    "Ruins": {
        "pos": [ 122.90235137939453, 44.12950134277344, 24.70001983642578 ],
        "quaRot": [ 0.9999987008966859, -0.001481142795104382, -0.0006359403067976332, -9.419196271806939e-07 ],
        "quaRotLocal": [ 1.0, 0.0, 0.0, 0.0 ],
        "rot": [ -0.0029622872825711966, -0.0012718820944428444, 2.1175917082488687e-22 ],
        "scl": [ 29.480039596557617, 29.480039596557617, 29.480039596557617 ]
    },
    "GateMist": {
        "pos": [ -2059.08154296875, 1235.81494140625, -436.218505859375 ],
        "quaRot": [ 0.6821659822368121, -0.00092392072963395, -0.7311962718384997, 0.000855043185766538 ],
        "quaRotLocal": [ 1.0, 0.0, 0.0, 0.0 ],
        "rot": [ -1.012580469250679e-05, -1.6401495933532715, 0.0025177001953125 ],
        "scl": [ 58.970001220703125, 58.970001220703125, 58.970001220703125 ]
    },
    "ResultStage": {
        "pos": [ 7.417688369750977, 18.072307586669922, -630.0370483398438 ],
        "quaRot": [ 1.0, 0.0, 0.0, 0.0 ],
        "quaRotLocal": [ 1.0, 0.0, 0.0, 0.0 ],
        "rot": [ 0.0, 0.0, 0.0 ],
        "scl": [ 0.6900001168251038, 0.6900001168251038, 0.6900001168251038 ]
    },
    "TutorialGround": {
        "pos": [ -11.354707717895508, 100.646240234375, -92.35667419433594 ],
        "quaRot": [ 1.0, 0.0, 0.0, 0.0 ],
        "quaRotLocal": [ 1.0, 0.0, 0.0, 0.0 ],
        "rot": [ -0.0, 0.0, 0.0 ],
        "scl": [ 4.773492813110352, 4.773492813110352, 4.773492813110352 ]
    }
}