{
  "Sword": {
      "pos": [ 0.0, 0.0, 0.0 ],
      "quaRot": [ 1.0, 0.0, 0.0, 0.0 ],
      "quaRotLocal": [ 1.0, 0.0, 0.0, 0.0 ],
      "rot": [ 0.0, 0.0, 0.0 ],
      "scl": [ 5.8000001668930054, 5.8000001668930054, 5.8000001668930054 ]
  }
}